DROP DATABASE IF EXISTS pokemon;

CREATE DATABASE pokemon;
USE pokemon;

CREATE TABLE Trainer(
    trainer_id INTEGER,
    username CHARACTER VARYING(32) NOT NULL,
    password CHARACTER VARYING(255) NOT NULL,
    email CHARACTER VARYING(32) NOT NULL,
    PRIMARY KEY(trainer_id)
);

CREATE TABLE Pokemon(
    pokedex_number INTEGER
    pokemon_name VARCHAR(32)
    weight NUMERIC(16,2)
    height NUMERIC(16,2)
    ability VARCHAR(32)
    trainer_id INTEGER
    PRIMARY KEY(pokedex_number)
    FOREIGN KEY(trainer_id) REFERENCES (Trainer)
    ON UPDATE NO ACTION ON DELETE NO ACTION;
);

INSERT INTO Pokemon (pokedex_number,pokemon_name,weight,height, ability) VALUES
(1, 'Turtwig', 10.2, 0.4, 'Overgrow'),
(2, 'Grotle', 97.0, 1.1, 'Overgrow'),
(3, 'Torterra', 310.0, 2.2, 'Overgrow'),
(4, 'Chimchar', 6.2, 0.5, 'Blaze'),
(5, 'Monferno', 22.0, 0.9, 'Blaze'),
(6, 'Infernape', 55.0, 1.2, 'Blaze'),
(7, 'Piplup', 5.2, 0.4, 'Torrent'),
(8, 'Prinplup', 23.0, 0.8, 'Torrent'),
(9, 'Empoleon', 84.5, 1.7, 'Torrent'),
(10, 'Starly', 2.0, 0.3, 'Keen Eye'),
(11, 'Staravia', 15.5, 0.6, 'Intimidate'),
(12, 'Staraptor', 24.9, 1.2, 'Intimidate'),
(13, 'Bidoof', 20.0, 0.5, 'Simple'),
(14, 'Bibarel', 31.5, 1.0, 'Simple'),
(15, 'Kricketot', 2.2, 0.3, 'Shed Skin'),
(16, 'Kricketune', 25.5, 1.0, 'Swarm'),
(17, 'Shinx', 9.5, 0.5, 'Rivalry'),
(18, 'Luxio', 30.5, 0.9, 'Rivalry'),
(19, 'Luxray', 42.0, 1.4, 'Rivalry'),
(20, 'Abra', 19.5, 0.9, 'Synchronize'),
(21, 'Kadabra', 56.5, 1.3, 'Synchronize'),
(22, 'Alakazam', 48.0, 1.5, 'Synchronize'),
(23, 'Magikarp', 10.0, 0.9, 'Swift Swim'),
(24, 'Gyarados', 235.0, 6.5, 'Intimidate'),
(25, 'Budew', 1.2, 0.2, 'Natural Cure'),
(26, 'Roselia', 2.0, 0.3, 'Natural Cure'),
(27, 'Roserade', 14.5, 0.9, 'Natural Cure'),
(28, 'Zubat', 7.5, 0.8, 'Inner Focus'),
(29, 'Golbat', 55.0, 1.6, 'Inner Focus'),
(30, 'Crobat', 75.0, 1.8, 'Inner Focus'),
(31, 'Geodude', 20.0, 0.4, 'Rock Head'),
(32, 'Graveler', 105.0, 1.0, 'Rock Head'),
(33, 'Golem', 300.0, 1.4, 'Rock Head'),
(34, 'Onix', 210.0, 8.8, 'Rock Head'),
(35, 'Steelix', 400.0, 9.2, 'Rock Head'),
(36, 'Cranidos', 31.5, 0.9, 'Mold Breaker'),
(37, 'Rampardos', 102.5, 1.6, 'Mold Breaker'),
(38, 'Shieldon', 57.0, 0.5, 'Sturdy'),
(39, 'Bastiodon', 149.5, 1.3, 'Sturdy'),
(40, 'Machop', 19.5, 0.8, 'Guts'),
(41, 'Machoke', 70.5, 1.5, 'Guts'),
(42, 'Machamp', 130.0, 1.6, 'Guts'),
(43, 'Psyduck', 19.6, 0.8, 'Damp'),
(44, 'Golduck', 76.6, 1.7, 'Damp'),
(45, 'Burmy', 3.4, 0.2, 'Shed Skin'),
(46, 'Wormadam', 6.5, 0.5, 'Anticipation'),
(47, 'Mothim', 23.3, 0.9, 'Swarm'),
(48, 'Wurmple', 3.6, 0.3, 'Shield Dust'),
(49, 'Silcoon', 10.0, 0.6, 'Shed Skin'),
(50, 'Beautifly', 28.4, 1.0, 'Swarm'),
(51, 'Cascoon', 11.5, 0.7, 'Shed Skin'),
(52, 'Dustox', 31.6, 1.2, 'Shield Dust'),
(53, 'Combee', 5.5, 0.3, 'Honey Gather'),
(54, 'Vespiquen', 38.5, 1.2, 'Pressure'),
(55, 'Pachirisu', 3.9, 0.4, 'Run Away'),
(56, 'Buizel', 29.5, 0.7, 'Swift Swim'),
(57, 'Floatzel', 33.5, 1.1, 'Swift Swim'),
(58, 'Cherubi', 3.3, 0.4, 'Chlorophyll'),
(59, 'Cherrim', 9.3, 0.4, 'Flower Gift'),
(60, 'Shellos', 6.3, 0.3, 'Sticky Hold'),
(61, 'Gastrodon',  29.9, 0.9, 'Sticky Hold'),
(62, 'Heracross', 54.0, 1.5, 'Swarm'),
(63, 'Aipom', 11.5, 0.8, 'Run Away'),
(64, 'Ambipom', 20.3, 1.2, 'Technician'),
(65, 'Drifloon', 1.2, 0.4, 'Aftermath'),
(66, 'Drifblim', 15.0, 1.2, 'Aftermath'),
(67, 'Buneary', 5.5, 0.4, 'Run Away'),
(68, 'Lopunny', 33.3, 1.2, 'Cute Charm'),
(69, 'Gastly', 0.1, 1.3, 'Levitate'),
(70, 'Haunter', 0.1, 1.6, 'Levitate'),
(71, 'Gengar', 40.5, 1.5, 'Levitate'),
(72, 'Misdreavus', 1.0, 0.7, 'Levitate'),
(73, 'Mismagius', 4.4, 0.9, 'Levitate'),
(74, 'Murkrow', 2.1, 0.5, 'Insomnia'),
(75, 'Honchkrow', 27.3, 0.9, 'Insomnia'),
(76, 'Glameow', 3.9, 0.5, 'Limber'),
(77, 'Purugly', 43.8, 1.0, 'Thick Fat'),
(78, 'Goldeen', 15.0, 0.6, 'Swift Swim'),
(79, 'Seaking', 39.0, 1.3, 'Swift Swim'),
(80, 'Barboach', 1.9, 0.4, 'Oblivious'),
(81, 'Whiscash', 23.6, 0.9, 'Oblivious'),
(82, 'Chingling', 0.6, 0.2, 'Levitate'),
(83, 'Chimecho', 1.0, 0.6, 'Levitate'),
(84, 'Stunky', 19.2, 0.4, 'Stench'),
(85, 'Skuntank', 38.0, 1.0, 'Stench'),
(86, 'Meditite', 11.2, 0.6, 'Pure Power'),
(87, 'Medicham', 31.5, 1.3, 'Pure Power'),
(88, 'Bronzor', 60.5, 0.5, 'Levitate'),
(89, 'Bronzong', 187.0, 1.3, 'Levitate'),
(90, 'Ponyta', 30.0, 1.0, 'Run Away'),
(91, 'Rapidash', 95.0, 1.7, 'Run Away'),
(92, 'Bonsly', 15.0, 0.5, 'Sturdy'),
(93, 'Sudowoodo', 38.0, 1.2, 'Sturdy'),
(94, 'Mime Jr.', 13.0, 0.6, 'Soundproof'),
(95, 'Mr. Mime', 54.5, 1.3, 'Soundproof'),
(96, 'Happiny', 24.4, 0.6, 'Natural Cure'),
(97, 'Chansey', 34.6, 1.1, 'Natural Cure'),
(98, 'Blissey', 46.8, 1.5, 'Natural Cure'),
(99, 'Cleffa', 3.0, 0.3, 'Cute Charm'),
(100, 'Clefairy', 7.5, 0.6, 'Cute Charm'),
(101, 'Clefable', 40.0, 1.3, 'Cute Charm'),
(102, 'Chatot', 1.9, 0.5, 'Keen Eye'),
(103, 'Pichu', 2.0, 0.3, 'Static'),
(104, 'Pikachu', 6.0, 0.4, 'Static'),
(105, 'Raichu', 30.0, 0.8, 'Static'),
(106, 'Hoothoot', 21.2, 0.7, 'Insomnia'),
(107, 'Noctowl', 40.8, 1.6, 'Insomnia'),
(108, 'Spiritomb', 108.0, 1.0, 'Pressure'),
(109, 'Giblie', 20.5, 0.7, 'Sand Veil'),
(110, 'Gabite', 56.0, 1.4, 'Sand Veil'),
(111, 'Garchomp', 95.0, 1.9, 'Sand Veil'),
(112, 'Munchlax', 105.0, 0.6, 'Pickup'),
(113, 'Snorlax', 460.0, 2.1, 'Immunity'),
(114, 'Unown', 5.0, 0.5, 'Levitate'),
(115, 'Riolu', 20.2, 0.7, 'Steadfast'),
(116, 'Lucario', 54.0, 1.2, 'Steadfast'),
(117, 'Wooper', 8.5, 0.4, 'Damp'),
(118, 'Quagsire', 75.0, 1.4, 'Damp'),
(119, 'Wingull', 9.5, 0.6, 'Keen Eye'),
(120, 'Pelipper', 28.0, 1.2, 'Keen Eye'),
(121, 'Girafarig', 41.5, 1.5, 'Inner Focus'),
(122, 'Hippopotas', 49.5, 0.8, 'Sand Stream'),
(123, 'Hippowdon', 300.0, 2.0, 'Sand Stream'),
(124, 'Azurill', 2.0, 0.2, 'Thick Fat'),
(125, 'Marill', 8.5, 0.4, 'Thick Fat'),
(126, 'Azumarill', 28.5, 0.8, 'Thick Fat'),
(127, 'Skorupi', 12.0, 0.8, 'Battle Armor'),
(128, 'Drapion', 61.5, 1.3, 'Battle Armor'),
(129, 'Croagunk', 23.0, 0.7, 'Anticipation'),
(130, 'Toxicroak', 44.4, 1.3, 'Anticipation'),
(131, 'Carnivine', 27.0, 1.4, 'Levitate'),
(132, 'Remoraid', 12.0, 0.6, 'Hustle'),
(133, 'Octillery', 28.5, 0.9, 'Suction Cups'),
(134, 'Finneon', 7.0, 0.4, 'Swift Swim'),
(135, 'Lumineon', 24.0, 1.2, 'Swift Swim'),
(136, 'Tentacool', 45.5, 0.9, 'Clear Body'),
(137, 'Tentacruel', 55.0, 1.6, 'Clear Body'),
(138, 'Feebas', 7.4, 0.6, 'Swift Swim'),
(139, 'Milotic', 162.0, 6.2, 'Marvel Scale'),
(140, 'Mantyke', 65.0, 1.0, 'Swift Swim'),
(141, 'Mantine', 220.0, 2.1, 'Swift Swim'),
(142, 'Snover', 50.5, 1.0, 'Snow Warning'),
(143, 'Abomasnow', 135.5, 2.2, 'Snow Warning'),
(144, 'Sneasel', 28.0, 0.9, 'Inner Focus'),
(145, 'Weavile', 34.0, 1.1, 'Pressure'),
(146, 'Uxie', 0.3, 0.3, 'Levitate'),
(147, 'Mesprit', 0.3, 0.3, 'Levitate'),
(148, 'Azelf', 0.3, 0.3, 'Levitate'),
(149, 'Dialga', 683.0, 5.4, 'Pressure'),
(150, 'Palkia', 336.0, 4.2, 'Pressure'),
(151, 'Manaphy', 1.4, 0.3, 'Hydration'),
(152, 'Rotom', 0.3, 0.3, 'Levitate'),
(153, 'Gligar', 64.8, 1.1, 'Hyper Cutter'),
(154, 'Gliscor', 42.5, 2.0, 'Hyper Cutter'),
(155, 'Nosepass', 97.0, 1.0, 'Sturdy'),
(156, 'Probopass', 340.0, 1.4, 'Sturdy'),
(157, 'Ralts', 6.6, 0.4, 'Synchronize'),
(158, 'Kirlia', 20.2, 0.8, 'Synchronize'),
(159, 'Gardevoir', 48.4, 1.6, 'Synchronize'),
(160, 'Gallade', 52.0, 1.6, 'Steadfast'),
(161, 'Lickitung', 65.5, 1.2, 'Own Tempo'),
(162, 'Lickilicky', 140.0, 1.7, 'Own Temp'),
(163, 'Eevee', 6.5, 0.3, 'Run Away'),
(164, 'Vaporeon', 29.0, 1.0, 'Water Absorb'),
(165, 'Jolteon', 24.5, 0.8, 'Volt Absorb'),
(166, 'Flareon', 25.0, 0.9, 'Flash Fire'),
(167, 'Espeon', 26.5, 0.9, 'Synchronize'),
(168, 'Umbreon', 27.0, 1.0, 'Synchronize'),
(169, 'Leafeon', 25.5, 1.0, 'Leaf Guard'),
(170, 'Glaceon', 25.9, 0.8, 'Snow Cloak'),
(171, 'Swablu', 1.2, 0.2, 'Natural Cure'),
(172, 'Altaria', 20.6, 1.1, 'Natural Cure'),
(173, 'Togepi', 1.5, 0.3, 'Hustle'),
(174, 'Togetic', 3.2, 0.6, 'Hustle'),
(175, 'Togekiss', 38.0, 1.5, 'Hustle'),
(176, 'Houndour', 10.8, 0.6, 'Early Bird'),
(177, 'Houndoom', 35.0, 1.4, 'Early Bird'),
(178, 'Magnemite', 6.0, 0.3, 'Magnet Pull'),
(179, 'Magneton', 60.0, 1.0, 'Magnet Pull'),
(180, 'Magnezone', 180.0, 1.2, 'Magnet Pull'),
(181, 'Tangela', 35.0, 1.0, 'Chlorophyll'),
(182, 'Tangrowth', 128.6, 2.0, 'Chlorophyll'),
(183, 'Yanma', 38.0, 1.2, 'Speed Boost'),
(184, 'Yanmega', 51.5, 1.9, 'Speed Boost'),
(185, 'Tropius', 100.0, 2.0, 'Chlorophyll'),
(186, 'Rhyhorn', 115.0, 1.0, 'Lightningrod'),
(187, 'Rhydon', 120.0, 1.9, 'Lightningrod'),
(188, 'Rhyperior', 282.8, 2.4, 'Lightningrod'),
(189, 'Duskull', 15.0, 0.8, 'Levitate'),
(190, 'Dusclops', 30.6, 1.6, 'Pressure'),
(191, 'Dusknoir', 106.6, 2.2, 'Pressure'),
(192, 'Porygon', 36.5, 0.8, 'Trace'),
(193, 'Porygon2', 32.5, 0.6, 'Trace'),
(194, 'Porygon-Z', 34.0, 0.9, 'Adaptability'),
(195, 'Scyther', 56.0, 1.5, 'Swarm'),
(196, 'Scizor', 118.0, 1.8, 'Swarm'),
(197, 'Elekid', 23.5, 0.6, 'Static'),
(198, 'Electabuzz', 30.0, 1.1, 'Static'),
(199, 'Electivire', 138.6, 1.8, 'Motor Drive'),
(200, 'Magby', 21.4, 0.7, 'Flame Body'),
(201, 'Magmar', 44.5, 1.3, 'Flame Body'),
(202, 'Magmortar', 68.0, 1.6, 'Flame Body'),
(203, 'Swinub', 6.5, 0.4, 'Oblivious'),
(204, 'Piloswine', 55.8, 1.1, 'Oblivious'),
(205, 'Mamoswine', 291.0, 2.5, 'Oblivious'),
(206, 'Snorunt', 16.8, 0.7, 'Inner Focus'),
(207, 'Glalie', 256.5, 1.5, 'Inner Focus'),
(208, 'Froslass', 26.6, 1.3, 'Snow Cloak'),
(209, 'Absol', 47.0, 1.2, 'Pressure'),
(210, 'Giratina', 750.0, 4.5, 'Pressure');

CREATE TABLE Type(
    type_name VARCHAR(32),
    PRIMARY KEY(type_name),
    ON UPDATE NO ACTION ON DELETE NO ACTION;
);

INSERT INTO Type (type_name) VALUES
('Normal'),
('Fire'),
('Grass'),
('Water'),
('Electric'),
('Grass'),
('Ice'),
('Fighting'),
('Poison'),
('Ground'),
('Flying'),
('Psychic'),
('Bug'),
('Rock'),
('Ghost'),
('Dragon'),
('Dark'),
('Steel');

CREATE TABLE Location(
    location_name VARCHAR(32),
    region_name VARCHAR(32),
    PRIMARY KEY(location_name),
    FOREIGN KEY(region_name) REFERENCES (Region),
    ON UPDATE NO ACTION ON DELETE NO ACTION;
);

INSERT INTO Location (location_name, region_name) VALUES
('Route 201', 'Sinnoh'),
('Route 202', 'Sinnoh'),
('Route 203', 'Sinnoh'),
('Route 204', 'Sinnoh'),
('Route 205', 'Sinnoh'),
('Route 206', 'Sinnoh'),
('Route 207', 'Sinnoh'),
('Route 208', 'Sinnoh'),
('Route 209', 'Sinnoh'),
('Route 210', 'Sinnoh'),
('Route 211', 'Sinnoh'),
('Route 212', 'Sinnoh'),
('Route 213', 'Sinnoh'),
('Route 214', 'Sinnoh'),
('Route 215', 'Sinnoh'),
('Route 216', 'Sinnoh'),
('Route 217', 'Sinnoh'),
('Route 218', 'Sinnoh'),
('Route 219', 'Sinnoh'),
('Route 220', 'Sinnoh'),
('Route 221', 'Sinnoh'),
('Route 222', 'Sinnoh'),
('Route 223', 'Sinnoh'),
('Route 224', 'Sinnoh'),
('Route 225', 'Sinnoh'),
('Route 226', 'Sinnoh'),
('Route 227', 'Sinnoh'),
('Route 228', 'Sinnoh'),
('Route 229', 'Sinnoh'),
('Route 230', 'Sinnoh'),
('Acuity Lakefront', 'Sinnoh'),
('Canalave City', 'Sinnoh'),
('Celestic Town', 'Sinnoh'),
('Distortion World', 'Sinnoh'),
('Eterna City', 'Sinnoh'),
('Eterna Forest', 'Sinnoh'),
('Floaroma Meadow', 'Sinnoh'),
('Fuego Ironworks', 'Sinnoh'),
('Great Marsh', 'Sinnoh'),
('Honey Trees', 'Sinnoh'),
('Iron Island', 'Sinnoh'),
('Lake Acuity', 'Sinnoh'),
('Lake Valor', 'Sinnoh'),
('Lake Verity', 'Sinnoh'),
('Lost Tower', 'Sinnoh'),
('Mt. Coronet', 'Sinnoh'),
('Old Chateau', 'Sinnoh'),
('Oreburgh City', 'Sinnoh'),
('Oreburgh Gate', 'Sinnoh'),
('Oreburgh Mine', 'Sinnoh'),
('Pastoria City', 'Sinnoh'),
('Pokemon League', 'Sinnoh'),
('Ravaged Path', 'Sinnoh'),
('Resort Area', 'Sinnoh'),
('Roaming Sinnoh', 'Sinnoh'),
('Ruin Maniac Tunnel', 'Sinnoh'),
('Sendoff Spring', 'Sinnoh'),
('Snowpoint City', 'Sinnoh'),
('Snowpoint Temple', 'Sinnoh'),
('Solaceon Ruins', 'Sinnoh'),
('Spear Pillar', 'Sinnoh'),
('Stark Mountain', 'Sinnoh'),
('Sunyshore City', 'Sinnoh'),
('Trophy Garden', 'Sinnoh'),
('Turnback Cave', 'Sinnoh'),
('Twinleaf Town', 'Sinnoh'),
('Valley Windworks', 'Sinnoh'),
('Veilstone City', 'Sinnoh'),
('Victory Road', 'Sinnoh'),
('Wayward Cave', 'Sinnoh'),
('All Water Areas', 'Sinnoh');

CREATE TABLE Region(
    region_name VARCHAR(32),
    generation INTEGER,
    PRIMARY KEY(region_name);
);

INSERT INTO Region (region_name, generation) VALUES
('Sinnoh', 4);

CREATE TABLE Evolves(
    pokedex_number1 INTEGER,
    pokedex_number2 INTEGER,
    condition VAR CHAR(255),
    PRIMARY KEY(pokedex_number1),
    FOREIGN KEY(pokedex_number1), REFERENCES(Pokemon),
    ON UPDATE NO ACTION ON DELETE NO ACTION,
    FOREIGN KEY(pokedex_number2), REFERENCES(Pokemon),
    ON UPDATE NO ACTION ON DELETE NO ACTION;
);

INSERT INTO Evolves (pokedex_number1, pokedex_number2, condition) VALUES
(1, 2, 'Level 18'),
(2, 3, 'Level 32'),
(4, 5, 'Level 14'),
(5, 6, 'Level 36'),
(7, 8, 'Level 16'),
(8, 9, 'Level 36'),
(10, 11, 'Level 14'),
(11, 12, 'Level 34'),
(13, 14, 'Level 15'),
(15, 16, 'Level 10'),
(17, 18, 'Level 15'),
(18, 19, 'Level 30'),
(20, 21, 'Level 16'),
(21, 22, 'Trade'),
(23, 24, 'Level 20'),
(25, 26, 'Level up with high friendship during the day'),
(26, 27, 'Shiny Stone'),
(28, 29, 'Level 22'),
(29, 30, 'Level up with high friendship'),
(31, 32, 'Level 25'),
(32, 33, 'Trade'),
(34, 35, 'Trade holding Metal Coat'),
(36, 37, 'Level 30'),
(38, 39, 'Level 30'),
(40, 41, 'Level 28'),
(41, 42, 'Trade'),
(43, 44, 'Level 33'),
(45, 46, 'Level 20 female only'),
(45, 47, 'Level 20 male only'),
(48, 49, 'Level 7 during the day'),
(48, 51, 'Level 7 during the night'),
(49, 50, 'Level 10'),
(51, 52, 'Level 10'),
(53, 54, 'Level 21 female only'),
(56, 57, 'Level 26'),
(58, 59, 'Level 25'),
(60, 61, 'Level 30'),
(63, 64, 'Level up after learning Double Hit'),
(65, 66, 'Level 28'),
(67, 68, 'Level up with high friendship'),
(69, 70, 'Level 25'),
(70, 71, 'Trade'),
(72, 73, 'Dusk Stone'),
(74, 75, 'Dusk Stone'),
(76, 77, 'Level 38'),
(78, 79, 'Level 33'),
(80, 81, 'Level 30'),
(82, 83, 'Level up with high friendship during the night'),
(84, 85, 'Level 34'),
(86, 87, 'Level 37'),
(88, 89, 'Level 33'),
(90, 91, 'Level 40'),
(92, 93, 'Level up after learning Mimic'),
(94, 95, 'Level up after learning Mimic'),
(96, 97, 'Level up holding the oval stone during the day'),
(97, 98, 'Level up with high friendship'),
(99, 100, 'Level up with high friendship'),
(100, 101, 'Moon Stone'),
(103, 104, 'Level up with high friendship'),
(104, 105, 'Thunder Stone'),
(106, 107, 'Level 20'),
(109, 110, 'Level 24'),
(110, 111, 'Level 48'),
(112, 113, 'Level up with high friendship'),
(115, 116, 'Level up with high frienship during the day'),
(117, 118, 'Level 20'),
(119, 120, 'Level 25'),
(122, 123, 'Level 34'),
(124, 125, 'Level up with high friendship'),
(125, 126, 'Level 18'),
(127, 128, 'Level 40'),
(129, 130, 'Level 37'),
(132, 133, 'Level 25'),
(134, 135, 'Level 31'),
(136, 137, 'Level 30'),
(138, 139, 'Level up with maximum beauty'),
(140, 141, 'Level up with Remoraid in the party'),
(142, 143, 'Level 40'),
(144, 145, 'Level up holding the Razor Claw during the night'),
(153, 154, 'Level up holding the Razor Fang during the night'),
(155, 156, 'Level up at Mt. Coronet'),
(157, 158, 'Level 20'),
(158, 159, 'Level 30'),
(158, 160, 'Dawn Stone male only'),
(161, 162, 'Level up after learning Roll Out'),
(163, 164, 'Water Stone'),
(163, 165, 'Thunder Stone'),
(163, 166, 'Fire Stone'),
(163, 167, 'Level up with high friendship during the day'),
(163, 168, 'Level up with high friendship during the night'),
(163, 169, 'Level up at the moss rock in Eterna Forest'),
(163, 170, 'Level up at the ice rock in Route 217'),
(171, 172, 'Level 35'),
(173, 174, 'Level up with high friendship'),
(174, 175, 'Shiny Stone'),
(176, 177, 'Level 24'),
(178, 179, 'Level 30'),
(179, 180, 'Level up at Mt. Coronet'),
(181, 182, 'Level up after learning Ancient Power'),
(183, 184, 'Level up after learning Ancient Power'),
(186, 187, 'Level 42'),
(187, 188, 'Trade holding Protector'),
(189, 190, 'Level 37'),
(191, 192, 'Trade holding Reaper Cloth'),
(192, 193, 'Trade holding Up-Grade'),
(193, 194, 'Trade holding Dubious Disc'),
(195, 196, 'Trade holding Metal Coat'),
(197, 198, 'Level 30'),
(198, 199, 'Trade holding Electirizer'),
(200, 201, 'Level 30'),
(201, 202, 'Trade holding Magmarizer'),
(203, 204, 'Level 33'),
(204, 205, 'Level up after learning Ancient Power'),
(206, 207, 'Level 42'),
(206, 208, 'Dawn Stone female only');

CREATE TABLE Pokemon_Location (
	pokedex_number INTEGER,
	location_name VARCHAR(255),
	habitat VARCHAR(32),
	PRIMARY KEY(pokedex_number),
	FOREIGN KEY(pokedex_number), REFERENCES(Pokemon),
    ON UPDATE NO ACTION ON DELETE NO ACTION,
	FOREIGN KEY(location_name),
	ON UPDATE NO ACTION ON DELETE NO ACTION;
);

INSERT INTO Pokemon_Location (pokedex_number, location_name, habitat) VALUES
(1, 'Route 201', 'Receive from Prof. Rowan'),
(4, 'Route 201', 'Receive from Prof. Rowan'),
(7, 'Route 201', 'Receive from Prof. Rowan'),
(10, 'Route 201', 'Grass'),
(10, 'Route 202', 'Grass'),
(10, 'Route 203', 'Grass'),
(10, 'Route 204', 'Grass'),
(10, 'Lake Verity', 'Grass'),
(11, 'Route 209', 'Grass'),
(11, 'Route 210', 'Grass'),
(11, 'Route 212', 'Grass'),
(11, 'Route 215', 'Grass'),
(11, 'Lake Valor', 'Grass'),
(11, 'Trophy Garden', 'Grass'),
(11, 'Sendoff Spring', 'Grass'),
(13, 'Route 201', 'Grass'),
(13, 'Route 202', 'Grass'),
(13, 'Route 203', 'Grass'),
(13, 'Route 204', 'Grass'),
(13, 'Route 205', 'Grass'),
(13, 'Route 209', 'Grass'),
(13, 'Route 211', 'Grass'),
(13, 'Eterna Forest', 'Grass'),
(13, 'Lake Verity', 'Grass'),
(14, 'Route 208', 'Grass'),
(14, 'Route 209', 'Grass'),
(14, 'Route 210', 'Grass'),
(14, 'Great Marsh', 'Grass'),
(14, 'Lake Valor', 'Grass'),
(14, 'Lake Acuity', 'Grass'),
(14, 'Sendoff Spring', 'Grass'),
(15, 'Route 201', 'Grass'),
(15, 'Route 202', 'Grass'),
(15, 'Route 203', 'Grass'),
(15, 'Route 204', 'Grass'),
(15, 'Route 205', 'Grass'),
(15, 'Route 207', 'Grass'),
(15, 'Eterna Forest', 'Grass'),
(16, 'Route 206', 'Grass'),
(16, 'Trophy Garden', 'Grass'),
(17, 'Route 202', 'Grass'),
(17, 'Route 203', 'Grass'),
(17, 'Route 204', 'Grass'),
(17, 'Valley Windworks', 'Grass'),
(18, 'Route 222', 'Grass'),
(20, 'Route 203', 'Grass'),
(20, 'Route 215', 'Grass'),
(21, 'Route 215', 'Grass'),
(23, 'All Water Areas', 'Water'),
(24, 'All Water Areas', 'Water'),
(25, 'Route 204', 'Grass'),
(25, 'Route 205', 'Grass'),
(25, 'Route 208', 'Grass'),
(25, 'Eterna Forest', 'Grass'),
(26, 'Route 208', 'Grass'),
(26, 'Route 209', 'Grass'),
(26, 'Route 210', 'Grass'),
(26, 'Route 212', 'Grass'),
(26, 'Route 221', 'Grass'),
(26, 'Route 224', 'Grass'),
(26, 'Route 229', 'Grass'),
(26, 'Route 230', 'Grass'),
(26, 'Trophy Garden', 'Grass'),
(28, 'Route 203', 'Grass'),
(28, 'Route 204', 'Grass'),
(28, 'Route 206', 'Grass'),
(28, 'Route 208', 'Grass'),
(28, 'Route 209', 'Grass'),
(28, 'Route 211', 'Grass'),
(28, 'Route 214', 'Grass'),
(28, 'Route 216', 'Grass'),
(28, 'Ravaged Path', 'Grass'),
(28, 'Oreburgh Gate', 'Cave'),
(28, 'Oreburgh Mine', 'Cave'),
(28, 'Wayward Cave', 'Cave'),
(28, 'Lost Tower', 'Inside'),
(28, 'Iron Island', 'Cave'),
(28, 'Mt. Coronet', 'Cave')
(29, 'Route 227', 'Grass'),
(29, 'Oreburgh Gate', 'Cave'),
(29, 'Lost Tower', 'Inside'),
(29, 'Iron Island', 'Cave'),
(29, 'Mt. Coronet', 'Cave'),
(29, 'Stark Mountain', 'Cave'),
(29, 'Snowpoint Temple', 'Inside'),
(29, 'Sendoff Spring', 'Grass'),
(29, 'Turnback Cave', 'Cave'),
(31, 'Route 206', 'Grass'),
(31, 'Route 207', 'Grass'),
(31, 'Route 207', 'Grass'),
(31, 'Route 210', 'Grass'),
(31, 'Route 214', 'Grass'),
(31, 'Oreburgh Gate', 'Cave'),
(31, 'Oreburgh Mine', 'Cave'),
(31, 'Wayward Cave', 'Cave'),
(31, 'Iron Island', 'Cave'),
(31, 'Ruin Maniac Cave', 'Cave'),
(31, 'Mt. Coronet', 'Cave'),
(32, 'Route 211', 'Grass'),
(32, 'Route 214', 'Grass'),
(32, 'Route 216', 'Grass'),
(32, 'Route 225', 'Grass'),
(32, 'Route 226', 'Grass'),
(32, 'Route 227', 'Grass'),
(32, 'Mt. Coronet', 'Cave'),
(32, 'Iron Island', 'Cave'),
(32, 'Victory Road', 'Cave'),
(32, 'Sendoff Spring', 'Cave'),
(32, 'Stark Mountain', 'Cave'),
(34, 'Oreburgh Mine', 'Cave'),
(34, 'Wayward Cave', 'Cave'),
(34, 'Iron Island', 'Cave'),
(34, 'Victory Road', 'Cave'),
(35, 'Iron Island', 'Cave'),
(35, 'Victory Road', 'Cave'),
(36, 'Oreburgh City', 'Revive from Skull Fossil'),
(38, 'Oreburgh City', 'Revive from Armor Fossil'),
(40, 'Route 206', 'Grass'),
(40, 'Route 207', 'Grass'),
(40, 'Route 210', 'Grass'),
(40, 'Route 211', 'Grass'),
(40, 'Mt. Coronet', 'Cave'),
(41, 'Route 210', 'Grass'),
(41, 'Route 211', 'Grass'),
(41, 'Route 225', 'Grass'),
(41, 'Route 226', 'Grass'),
(41, 'Mt. Coronet', 'Cave'),
(43, 'Route 203', 'Water'),
(43, 'Route 204', 'Water'),
(43, 'Route 205', 'Water'),
(43, 'Route 208', 'Water'),
(43, 'Route 209', 'Water'),
(43, 'Route 210', 'Water'),
(43, 'Route 212', 'Water'),
(43, 'Route 214', 'Water'),
(43, 'Route 225', 'Water'),
(43, 'Twinleaf Town', 'Water'),
(43, 'Eterna City', 'Water'),
(43, 'Celestic Town', 'Water'),
(43, 'Ravaged Path', 'Water'),
(43, 'Oreburgh Gate', 'Water'),
(43, 'Lake Verity', 'Water'),
(43, 'Lake Acuity', 'Water'),
(43, 'Lake Valor', 'Water'),
(43, 'Resort Area', 'Water'),
(44, 'Route 203', 'Water'),
(44, 'Route 204', 'Water'),
(44, 'Route 205', 'Water'),
(44, 'Route 208', 'Water'),
(44, 'Route 209', 'Water'),
(44, 'Route 210', 'Water'),
(44, 'Route 212', 'Water'),
(44, 'Route 214', 'Water'),
(44, 'Route 225', 'Water'),
(44, 'Twinleaf Town', 'Water'),
(44, 'Eterna City', 'Water'),
(44, 'Celestic Town', 'Water'),
(44, 'Ravaged Path', 'Water'),
(44, 'Oreburgh Gate', 'Water'),
(44, 'Lake Verity', 'Water'),
(44, 'Lake Acuity', 'Water'),
(44, 'Lake Valor', 'Water'),
(44, 'Sendoff Spring', 'Water'),
(44, 'Resort Area', 'Water'),
(45, 'Honey Trees', 'Trees'),
(48, 'Route 204', 'Grass'),
(48, 'Route 205', 'Grass'),
(48, 'Eterna Forest', 'Grass'),
(48, 'Honey Trees', 'Trees'),
(49, 'Route 205', 'Grass'),
(49, 'Eterna Forest', 'Grass'),
(50, 'Route 205', 'Grass'),
(50, 'Route 224', 'Grass'),
(50, 'Eterna Forest', 'Grass'),
(51, 'Route 205', 'Grass'),
(51, 'Eterna Forest', 'Grass'),
(52, 'Route 205', 'Grass'),
(52, 'Route 224', 'Grass'),
(52, 'Eterna Forest', 'Grass'),
(53, 'Honey Trees', 'Trees'),
(55, 'Route 205', 'Grass'),
(55, 'Valley Windworks', 'Grass'),
(56, 'Route 205', 'Grass'),
(56, 'Route 212', 'Grass'),
(56, 'Route 213', 'Grass'),
(56, 'Valley Windworks', 'Grass'),
(57, 'Route 218', 'Grass'),
(57, 'Route 221', 'Grass'),
(57, 'Route 222', 'Grass'),
(57, 'Route 224', 'Grass'),
(57, 'Route 230', 'Grass'),
(57, 'Fuego Ironworks', 'Grass'),
(57, 'Victory Road', 'Grass'),
(58, 'Honey Trees', 'Trees'),
(60, 'Route 218', 'Grass'),
(60, 'Route 205', 'Grass'),
(60, 'Route 212', 'Grass'),
(60, 'Route 213', 'Grass'),
(60, 'Pastoria City', 'Water'),
(60, 'Canalave City', 'Water'),
(60, 'Valley Windworks', 'Grass'),
(61, 'Route 218', 'Grass'),
(61, 'Route 205', 'Grass'),
(61, 'Route 212', 'Grass'),
(61, 'Route 213', 'Grass'),
(61, 'Route 224', 'Grass')
(61, 'Pastoria City', 'Water'),
(61, 'Canalave City', 'Water'),
(61, 'Valley Windworks', 'Grass'),
(61, 'Fuego Ironworks', 'Grass'),
(62, 'Honey Trees', 'Trees'),
(63, 'Honey Trees', 'Trees'),
(65, 'Valley Windworks', 'Encounter'),
(67, 'Eterna Forest', 'Grass'),
(69, 'Eterna Forest', 'Grass'),
(69, 'Old Chateau', 'Inside'),
(69, 'Lost Tower', 'Inside'),
(69, 'Turnback Cave', 'Cave'),
(70, 'Turnback Cave', 'Cave'),
(72, 'Eterna Forest', 'Grass'),
(74, 'Eterna Forest', 'Grass'),
(76, 'Route 218', 'Grass'),
(76, 'Route 222', 'Grass'),
(78, 'Route 203', 'Water'),
(78, 'Route 204', 'Water'),
(78, 'Route 208', 'Water'),
(78, 'Route 209', 'Water'),
(78, 'Route 212', 'Water'),
(78, 'Route 214', 'Water'),
(78, 'Route 229', 'Water'),
(78, 'Lake Valor', 'Water'),
(78, 'Lake Verity', 'Water'),
(78, 'Lake Acuity', 'Water'),
(78, 'Twinleaf Town', 'Water'),
(78, 'Celestic Town', 'Water'),
(78, 'Sendoff Spring', 'Water'),
(79, 'Route 203', 'Water'),
(79, 'Route 204', 'Water'),
(79, 'Route 208', 'Water'),
(79, 'Route 209', 'Water'),
(79, 'Route 212', 'Water'),
(79, 'Route 214', 'Water'),
(79, 'Route 229', 'Water'),
(79, 'Lake Valor', 'Water'),
(79, 'Lake Verity', 'Water'),
(79, 'Lake Acuity', 'Water'),
(79, 'Twinleaf Town', 'Water'),
(79, 'Celestic Town', 'Water'),
(79, 'Sendoff Spring', 'Water'),
(80, 'Route 205', 'Water'),
(80, 'Route 210', 'Water'),
(80, 'Route 225', 'Water'),
(80, 'Route 227', 'Water'),
(80, 'Route 228', 'Water'),
(80, 'Ravaged Path', 'Water'),
(80, 'Oreburgh Gate', 'Water'),
(80, 'Eterna City', 'Water'),
(80, 'Great Marsh', 'Water'),
(80, 'Mt. Coronet', 'Water'),
(81, 'Route 205', 'Water'),
(81, 'Route 210', 'Water'),
(81, 'Route 225', 'Water'),
(81, 'Route 227', 'Water'),
(81, 'Route 228', 'Water'),
(81, 'Ravaged Path', 'Water'),
(81, 'Oreburgh Gate', 'Water'),
(81, 'Eterna City', 'Water'),
(81, 'Great Marsh', 'Water'),
(81, 'Mt. Coronet', 'Water'),
(82, 'Route 211', 'Grass'),
(82, 'Mt. Coronet', 'Cave'),
(82, 'Sendoff Spring', 'Grass'),
(82, 'Turnback Cave', 'Cave'),
(83, 'Mt. Coronet', 'Cave'),
(83, 'Turnback Cave', 'Cave'),
(84, 'Route 206', 'Grass'),
(84, 'Route 214', 'Grass'),
(84, 'Route 221', 'Grass'),
(86, 'Route 210', 'Grass'),
(86, 'Route 211', 'Grass'),
(86, 'Route 216', 'Grass'),
(86, 'Mt. Coronet', 'Cave'),
(87, 'Mt. Coronet', 'Cave'),
(88, 'Route 211', 'Cave'),
(88, 'Wayward Cave', 'Cave'),
(88, 'Mt. Coronet', 'Cave'),
(88, 'Turnback Cave', 'Cave'),
(89, 'Mt. Coronet', 'Cave'),
(89, 'Turnback Cave', 'Cave'),
(90, 'Route 206', 'Grass'),
(90, 'Route 207', 'Grass'),
(90, 'Route 210', 'Grass'),
(92, 'Trophy Garden', 'Grass'),
(93, 'Route 221', 'Grass'),
(94, 'Trophy Garden', 'Grass'),
(95, 'Route 218', 'Grass'),
(96, 'Trophy Garden', 'Grass'),
(97, 'Route 209', 'Grass'),
(97, 'Route 210', 'Grass'),
(97, 'Trophy Garden', 'Grass'),
(99, 'Mt. Coronet', 'Cave'),
(99, 'Trophy Garden', 'Grass'),
(100, 'Mt. Coronet', 'Cave'),
(100, 'Trophy Garden', 'Grass'),
(102, 'Route 213', 'Grass'),
(102, 'Route 218', 'Grass'),
(102, 'Route 222', 'Grass'),
(103, 'Trophy Garden', 'Grass'),
(104, 'Trophy Garden', 'Grass'),
(106, 'Route 205', 'Grass'),
(106, 'Route 210', 'Grass'),
(106, 'Route 211', 'Grass'),
(106, 'Eterna Forest', 'Grass'),
(106, 'Great Marsh', 'Grass'),
(107, 'Route 210', 'Grass'),
(107, 'Route 211', 'Grass'),
(107, 'Great Marsh', 'Grass'),
(107, 'Mt. Coronet', 'Cave'),
(108, 'Route 209', 'Encounter'),
(109, 'Wayward Cave', 'Cave'),
(110, 'Victory Road', 'Cave'),
(112, 'Honey Trees', 'Trees'),
(114, 'Solaceon Ruins', 'Inside'),
(115, 'Iron Island', 'Gift'),
(117, 'Great Marsh', 'Grass'),
(118, 'Route 212', 'Grass'),
(118, 'Great Marsh', 'Grass'),
(119, 'Route 213', 'Water'),
(119, 'Route 219', 'Water'),
(119, 'Route 220', 'Water'),
(119, 'Route 221', 'Water'),
(119, 'Route 222', 'Water'),
(119, 'Route 226', 'Water'),
(119, 'Sunyshore City', 'Water'),
(119, 'Canalave City', 'Water'),
(119, 'Pastoria City', 'Water'),
(119, 'Valley Windworks', 'Water'),
(119, 'Pokemon League', 'Water'),
(119, 'Iron Island', 'Water'),
(120, 'Route 213', 'Water'),
(120, 'Route 219', 'Water'),
(120, 'Route 220', 'Water'),
(120, 'Route 221', 'Water'),
(120, 'Route 222', 'Water'),
(120, 'Route 226', 'Water'),
(120, 'Sunyshore City', 'Water'),
(120, 'Canalave City', 'Water'),
(120, 'Pastoria City', 'Water'),
(120, 'Valley Windworks', 'Water'),
(120, 'Pokemon League', 'Water'),
(120, 'Iron Island', 'Water'),
(121, 'Route 221', 'Grass'),
(121, 'Lake Valor', 'Grass'),
(122, 'Ruin Maniac Cave', 'Cave'),
(123, 'Route 228', 'Grass'),
(124, 'Trophy Garden'),
(125, 'Route 212', 'Grass'),
(125, 'Route 215', 'Grass'),
(126, 'Victory Road', 'Water'),
(127, 'Great Marsh', 'Grass'),
(128, 'Great Marsh', 'Grass'),
(129, 'Great Marsh', 'Grass'),
(130, 'Great Marsh', 'Grass'),
(131, 'Great Marsh', 'Grass'),
(132, 'Route 212', 'Water'),
(132, 'Route 213', 'Water'),
(132, 'Route 222', 'Water'),
(132, 'Route 223', 'Water'),
(132, 'Route 224', 'Water'),
(132, 'Route 230', 'Water'),
(132, 'Pastoria City', 'Water'),
(132, 'Sunyshore City', 'Water'),
(132, 'Pokemon League', 'Water'),
(133, 'Route 212', 'Water'),
(133, 'Route 213', 'Water'),
(133, 'Route 222', 'Water'),
(133, 'Route 223', 'Water'),
(133, 'Route 224', 'Water'),
(133, 'Route 230', 'Water'),
(133, 'Pastoria City', 'Water'),
(133, 'Sunyshore City', 'Water'),
(133, 'Pokemon League', 'Water'),
(134, 'Route 205', 'Water'),
(134, 'Route 218', 'Water'),
(134, 'Route 219', 'Water'),
(134, 'Route 220', 'Water'),
(134, 'Route 221', 'Water'),
(134, 'Canalave City', 'Water'),
(134, 'Valley Windworks', 'Water'),
(134, 'Fuego IronWorks', 'Water'),
(134, 'Iron Island', 'Water'),
(135, 'Route 205', 'Water'),
(135, 'Route 218', 'Water'),
(135, 'Route 219', 'Water'),
(135, 'Route 220', 'Water'),
(135, 'Route 221', 'Water'),
(135, 'Canalave City', 'Water'),
(135, 'Valley Windworks', 'Water'),
(135, 'Fuego IronWorks', 'Water'),
(135, 'Iron Island', 'Water'),
(136, 'Route 205', 'Water'),
(136, 'Route 212', 'Water'),
(136, 'Route 213', 'Water'),
(136, 'Route 218', 'Water'),
(136, 'Route 219', 'Water'),
(136, 'Route 220', 'Water'),
(136, 'Route 221', 'Water'),
(136, 'Route 222', 'Water'),
(136, 'Pastoria City', 'Water'),
(136, 'Canalave City', 'Water'),
(136, 'Sunyshore City', 'Water'),
(136, 'Valley Windworks', 'Water'),
(136, 'Fuego Ironworks', 'Water'),
(136, 'Iron Island', 'Water'),
(137, 'Route 205', 'Water'),
(137, 'Route 212', 'Water'),
(137, 'Route 213', 'Water'),
(137, 'Route 218', 'Water'),
(137, 'Route 219', 'Water'),
(137, 'Route 220', 'Water'),
(137, 'Route 221', 'Water'),
(137, 'Route 222', 'Water'),
(137, 'Pastoria City', 'Water'),
(137, 'Canalave City', 'Water'),
(137, 'Sunyshore City', 'Water'),
(137, 'Valley Windworks', 'Water'),
(137, 'Fuego Ironworks', 'Water'),
(137, 'Iron Island', 'Water'),
(138, 'Mt. Coronet', 'Water'),
(140, 'Route 223', 'Water'),
(142, 'Route 216', 'Grass'),
(142, 'Route 217', 'Grass'),
(142, 'Lake Acuity', 'Grass'),
(142, 'Mt. Coronet', 'Grass'),
(143, 'Mt. Coronet', 'Grass'),
(144, 'Route 216', 'Grass'),
(144, 'Route 217', 'Grass'),
(144, 'Lake Acuity', 'Grass'),
(144, 'Snowpoint Temple', 'Inside'),
(146, 'Lake Acuity', 'Cave'),
(147, 'Roaming Sinnoh', 'Grass'),
(148, 'Lake Valor', 'Cave'),
(149, 'Spear Pillar', 'Encounter'),
(150, 'Spear Pillar', 'Encounter'),
(151, 'Roaming Sinnoh', 'Water'),
(152, 'Old Chateau', 'Encounter'),


CREATE TABLE Effectiveness(
    type_name1 VARCHAR(32),
    type_name2 VARCHAR(32),
    effective VARCHAR(32),
    PRIMARY KEY(type_name1),
    FOREIGN KEY(type_name1) REFERENCES(Type),
    ON UPDATE NO ACTION ON DELETE NO ACTION,
    FOREIGN KEY(type_name2) REFERENCES(Type),
    ON UPDATE NO ACTION ON DELETE NO ACTION;
);

INSERT INTO Effectiveness (type_name1, type_name2, effective) VALUES
('Normal', 'Normal', 'Effective'),
('Normal', 'Fire', 'Effective'),
('Normal', 'Water', 'Effective'),
('Normal', 'Electric', 'Effective'),
('Normal', 'Grass', 'Effective'),
('Normal', 'Ice', 'Effective'),
('Normal', 'Fighting', 'Effective'),
('Normal', 'Poison', 'Effective'),
('Normal', 'Ground', 'Effective'),
('Normal', 'Flying', 'Effective'),
('Normal', 'Psychic', 'Effective'),
('Normal', 'Bug', 'Effective'),
('Normal', 'Rock', 'Not Very Effective'),
('Normal', 'Ghost', 'No Effect'),
('Normal', 'Dragon', 'Effective'),
('Normal', 'Dark', 'Effective'),
('Normal', 'Steel', 'Not Very Effective'),
('Fire', 'Normal', 'Effective'),
('Fire', 'Fire', 'Not Very Effective'),
('Fire', 'Water', 'Not Very Effective'),
('Fire', 'Electric', 'Effective'),
('Fire', 'Grass', 'Super Effective'),
('Fire', 'Ice', 'Super Effective'),
('Fire', 'Fighting', 'Effective'),
('Fire', 'Poison', 'Effective'),
('Fire', 'Ground', 'Effective'),
('Fire', 'Flying', 'Effective'),
('Fire', 'Psychic', 'Effective'),
('Fire', 'Bug', 'Super Effective'),
('Fire', 'Rock', 'Not Very Effective'),
('Fire', 'Ghost', 'Effective'),
('Fire', 'Dragon', 'Not Very Effective'),
('Fire', 'Dark', 'Effective'),
('Fire', 'Steel', 'Super Effective'),
('Water', 'Normal', 'Effective'),
('Water', 'Fire', 'Super Effective'),
('Water', 'Water', 'Not Very Effective'),
('Water', 'Electric', 'Effective'),
('Water', 'Grass', 'Not Very Effective'),
('Water', 'Ice', 'Effective'),
('Water', 'Fighting', 'Effective'),
('Water', 'Poison', 'Effective'),
('Water', 'Ground', 'Super Effective'),
('Water', 'Flying', 'Effective'),
('Water', 'Psychic', 'Effective'),
('Water', 'Bug', 'Effective'),
('Water', 'Rock', 'Super Effective'),
('Water', 'Ghost', 'Effective'),
('Water', 'Dragon', 'Not Very Effective'),
('Water', 'Dark', 'Effective'),
('Water', 'Steel', 'Effective'),
('Electric', 'Normal', 'Effective'),
('Electric', 'Fire', 'Effective'),
('Electric', 'Water', 'Super Effective'),
('Electric', 'Electric', 'Not Very Effective'),
('Electric', 'Grass', 'Not Very Effective'),
('Electric', 'Ice', 'Effective'),
('Electric', 'Fighting', 'Effective'),
('Electric', 'Poison', 'Effective'),
('Electric', 'Ground', 'No Effect'),
('Electric', 'Flying', 'Super Effective'),
('Electric', 'Psychic', 'Effective'),
('Electric', 'Bug', 'Effective'),
('Electric', 'Rock', 'Effective'),
('Electric', 'Ghost', 'Effective'),
('Electric', 'Dragon', 'Not Very Effective'),
('Electric', 'Dark', 'Effective'),
('Electric', 'Steel', 'Effective'),
('Grass', 'Normal', 'Effective'),
('Grass', 'Fire', 'Not Very Effective'),
('Grass', 'Water', 'Super Effective'),
('Grass', 'Electric', 'Effective'),
('Grass', 'Grass', 'Not Very Effective'),
('Grass', 'Ice', 'Effective'),
('Grass', 'Fighting', 'Effective'),
('Grass', 'Poison', 'Not Very Effective'),
('Grass', 'Ground', 'Super Effective'),
('Grass', 'Flying', 'Not Very Effective'),
('Grass', 'Psychic', 'Effective'),
('Grass', 'Bug', 'Not Very Effective'),
('Grass', 'Rock', 'Super Effective'),
('Grass', 'Ghost', 'Effective'),
('Grass', 'Dragon', 'Not Very Effective'),
('Grass', 'Dark', 'Effective'),
('Grass', 'Steel', 'Not Very Effective'),
('Ice', 'Normal', 'Effective'),
('Ice', 'Fire', 'Not Very Effective'),
('Ice', 'Water', 'Not Very Effective'),
('Ice', 'Electric', 'Effective'),
('Ice', 'Grass', 'Super Effective'),
('Ice', 'Ice', 'Not Very Effective'),
('Ice', 'Fighting', 'Effective'),
('Ice', 'Poison', 'Effective'),
('Ice', 'Ground', 'Super Effective'),
('Ice', 'Flying', 'Super Effective'),
('Ice', 'Psychic', 'Effective'),
('Ice', 'Bug', 'Effective'),
('Ice', 'Rock', 'Effective'),
('Ice', 'Ghost', 'Effective'),
('Ice', 'Dragon', 'Super Effective'),
('Ice', 'Dark', 'Effective'),
('Ice', 'Steel', 'Not Very Effective'),
('Fighting', 'Normal', 'Super Effective'),
('Fighting', 'Fire', 'Effective'),
('Fighting', 'Water', 'Effective'),
('Fighting', 'Electric', 'Effective'),
('Fighting', 'Grass', 'Effective'),
('Fighting', 'Ice', 'Super Effective'),
('Fighting', 'Fighting', 'Effective'),
('Fighting', 'Poison', 'Not Very Effective'),
('Fighting', 'Ground', 'Effective'),
('Fighting', 'Flying', 'Not Very Effective'),
('Fighting', 'Psychic', 'Not Very Effective'),
('Fighting', 'Bug', 'Not Very Effective'),
('Fighting', 'Rock', 'Super Effective'),
('Fighting', 'Ghost', 'No Effect'),
('Fighting', 'Dragon', 'Effective'),
('Fighting', 'Dark', 'Super Effective'),
('Fighting', 'Steel', 'Super Effective'),
('Poison', 'Normal', 'Effective'),
('Poison', 'Fire', 'Effective'),
('Poison', 'Water', 'Effective'),
('Poison', 'Electric', 'Effective'),
('Poison', 'Grass', 'Super Effective'),
('Poison', 'Ice', 'Effective'),
('Poison', 'Fighting', 'Effective'),
('Poison', 'Poison', 'Not Very Effective'),
('Poison', 'Ground', 'Not Very Effective'),
('Poison', 'Flying', 'Effective'),
('Poison', 'Psychic', 'Effective'),
('Poison', 'Bug', 'Effective'),
('Poison', 'Rock', 'Not Very Effective'),
('Poison', 'Ghost', 'Not Very Effect'),
('Poison', 'Dragon', 'Effective'),
('Poison', 'Dark', 'Effective'),
('Poison', 'Steel', 'No Effect'),
('Ground', 'Normal', 'Effective'),
('Ground', 'Fire', 'Super Effective'),
('Ground', 'Water', 'Effective'),
('Ground', 'Electric', 'Super Effective'),
('Ground', 'Grass', 'Not Very Effective'),
('Ground', 'Ice', 'Effective'),
('Ground', 'Fighting', 'Effective'),
('Ground', 'Poison', 'Super Effective'),
('Ground', 'Ground', 'Effective'),
('Ground', 'Flying', 'No Effect'),
('Ground', 'Psychic', 'Effective'),
('Ground', 'Bug', 'Not Very Effective'),
('Ground', 'Rock', 'Super Effective'),
('Ground', 'Ghost', 'Effective'),
('Ground', 'Dragon', 'Effective'),
('Ground', 'Dark', 'Effective'),
('Ground', 'Steel', 'Super Effective'),
('Flying', 'Normal', 'Effective'),
('Flying', 'Fire', 'Effective'),
('Flying', 'Water', 'Effective'),
('Flying', 'Electric', 'Not Very Effective'),
('Flying', 'Grass', 'Super Effective'),
('Flying', 'Ice', 'Effective'),
('Flying', 'Fighting', 'Super Effective'),
('Flying', 'Poison', 'Effective'),
('Flying', 'Ground', 'Effective'),
('Flying', 'Flying', 'Effective'),
('Flying', 'Psychic', 'Effective'),
('Flying', 'Bug', 'Super Effective'),
('Flying', 'Rock', 'Not Very Effective'),
('Flying', 'Ghost', 'Effective'),
('Flying', 'Dragon', 'Effective'),
('Flying', 'Dark', 'Effective'),
('Flying', 'Steel', 'Not Very Effective'),
('Psychic', 'Normal', 'Effective'),
('Psychic', 'Fire', 'Effective'),
('Psychic', 'Water', 'Effective'),
('Psychic', 'Electric', 'Effective'),
('Psychic', 'Grass', 'Effective'),
('Psychic', 'Ice', 'Effective'),
('Psychic', 'Fighting', 'Super Effective'),
('Psychic', 'Poison', 'Super Effective'),
('Psychic', 'Ground', 'Effective'),
('Psychic', 'Flying', 'Effective'),
('Psychic', 'Psychic', 'Not Very Effective'),
('Psychic', 'Bug', 'Effective'),
('Psychic', 'Rock', 'Effective'),
('Psychic', 'Ghost', 'Effective'),
('Psychic', 'Dragon', 'Effective'),
('Psychic', 'Dark', 'No Effect'),
('Psychic', 'Steel', 'Not Very Effective'),
('Bug', 'Normal', 'Effective'),
('Bug', 'Fire', 'Not Very Effective'),
('Bug', 'Water', 'Effective'),
('Bug', 'Electric', 'Effective'),
('Bug', 'Grass', 'Super Effective'),
('Bug', 'Ice', 'Effective'),
('Bug', 'Fighting', 'Not Very Effective'),
('Bug', 'Poison', 'Not Very Effective'),
('Bug', 'Ground', 'Effective'),
('Bug', 'Flying', 'Not Very Effective'),
('Bug', 'Psychic', 'Super Effective'),
('Bug', 'Bug', 'Effective'),
('Bug', 'Rock', 'Effective'),
('Bug', 'Ghost', 'Not Very Effective'),
('Bug', 'Dragon', 'Effective'),
('Bug', 'Dark', 'Super Effective'),
('Bug', 'Steel', 'Not Very Effective'),
('Rock', 'Normal', 'Effective'),
('Rock', 'Fire', 'Super Effective'),
('Rock', 'Water', 'Effective'),
('Rock', 'Electric', 'Effective'),
('Rock', 'Grass', 'Effective'),
('Rock', 'Ice', 'Super Effective'),
('Rock', 'Fighting', 'Not Very Effective'),
('Rock', 'Poison', 'Effective'),
('Rock', 'Ground', 'Not Very Effective'),
('Rock', 'Flying', 'Super Effective'),
('Rock', 'Psychic', 'Effective'),
('Rock', 'Bug', 'Super Effective'),
('Rock', 'Rock', 'Effective'),
('Rock', 'Ghost', 'Effective'),
('Rock', 'Dragon', 'Effective'),
('Rock', 'Dark', 'Effective'),
('Rock', 'Steel', 'Not Very Effective'),
('Ghost', 'Normal', 'No Effect'),
('Ghost', 'Fire', 'Effective'),
('Ghost', 'Water', 'Effective'),
('Ghost', 'Electric', 'Effective'),
('Ghost', 'Grass', 'Effective'),
('Ghost', 'Ice', 'Effective'),
('Ghost', 'Fighting', 'Effective'),
('Ghost', 'Poison', 'Effective'),
('Ghost', 'Ground', 'Effective'),
('Ghost', 'Flying', 'Effective'),
('Ghost', 'Psychic', 'Super Effective'),
('Ghost', 'Bug', 'Effective'),
('Ghost', 'Rock', 'Effective'),
('Ghost', 'Ghost', 'Super Effective'),
('Ghost', 'Dragon', 'Effective'),
('Ghost', 'Dark', 'Not Very Effective'),
('Ghost', 'Steel', 'Effective'),
('Dragon', 'Normal', 'Effective'),
('Dragon', 'Fire', 'Effective'),
('Dragon', 'Water', 'Effective'),
('Dragon', 'Electric', 'Effective'),
('Dragon', 'Grass', 'Effective'),
('Dragon', 'Ice', 'Effective'),
('Dragon', 'Fighting', 'Effective'),
('Dragon', 'Poison', 'Effective'),
('Dragon', 'Ground', 'Effective'),
('Dragon', 'Flying', 'Effective'),
('Dragon', 'Psychic', 'Effective'),
('Dragon', 'Bug', 'Effective'),
('Dragon', 'Rock', 'Effective'),
('Dragon', 'Ghost', 'Effective'),
('Dragon', 'Dragon', 'Super Effective'),
('Dragon', 'Dark', 'Effective'),
('Dragon', 'Steel', 'Super Effective'),
('Dark', 'Normal', 'Effective'),
('Dark', 'Fire', 'Effective'),
('Dark', 'Water', 'Effective'),
('Dark', 'Electric', 'Effective'),
('Dark', 'Grass', 'Effective'),
('Dark', 'Ice', 'Effective'),
('Dark', 'Fighting', 'Not Very Effective'),
('Dark', 'Poison', 'Effective'),
('Dark', 'Ground', 'Effective'),
('Dark', 'Flying', 'Effective'),
('Dark', 'Psychic', 'Super Effective'),
('Dark', 'Bug', 'Effective'),
('Dark', 'Rock', 'Effective'),
('Dark', 'Ghost', 'Super Effective'),
('Dark', 'Dragon', 'Effective'),
('Dark', 'Dark', 'Not Very Effective'),
('Dark', 'Steel', 'Effective'),
('Steel', 'Normal', 'Effective'),
('Steel', 'Fire', 'Not Very Effective'),
('Steel', 'Water', 'Not Very Effective'),
('Steel', 'Electric', 'Not Very Effective'),
('Steel', 'Grass', 'Effective'),
('Steel', 'Ice', 'Super Effective'),
('Steel', 'Fighting', 'Not Very Effective'),
('Steel', 'Poison', 'Effective'),
('Steel', 'Ground', 'Effective'),
('Steel', 'Flying', 'Effective'),
('Steel', 'Psychic', 'Effective'),
('Steel', 'Bug', 'Effective'),
('Steel', 'Rock', 'Super Effective'),
('Steel', 'Ghost', 'Effective'),
('Steel', 'Dragon', 'Effective'),
('Steel', 'Dark', 'Effective'),
('Steel', 'Steel', 'Not Very Effective'),